Input_Staff,Input_Shifts,MILPbin_sat_0,MILPbin_build_0,MILPbin_solve_0,SMTboolMulticore_sat_0,SMTboolMulticore_build_0,SMTboolMulticore_solve_0,MILPbin_avg,SMTboolMulticore_avg,MILPbin_status,SMTboolMulticore_status,Proportional_time,Ranking
28,20,False,0.5665299892425537,0.01796412467956543,False,1.074449062347412,0.018536090850830078,0.01796412467956543,0.018536090850830078,False,False,-0.013612088780749985,0
28,39,True,1.234834909439087,0.2973899841308594,True,4.659451961517334,0.09453606605529785,0.2973899841308594,0.09453606605529785,True,True,0.49772881174748007,1
28,59,True,2.1096911430358887,0.6379168033599854,True,8.99418592453003,0.1445770263671875,0.6379168033599854,0.1445770263671875,True,True,0.6446647540312203,1
28,78,True,2.9792981147766113,2.1867058277130127,True,14.027223825454712,0.2194201946258545,2.1867058277130127,0.2194201946258545,True,True,0.9985137664314404,1
28,98,True,4.045359134674072,5.802005052566528,True,19.773038148880005,0.5543370246887207,5.802005052566528,0.5543370246887207,True,True,1.0198042161678211,1
28,117,True,5.123477935791016,9.793164014816284,True,26.134881019592285,2.7045109272003174,9.793164014816284,2.7045109272003174,True,True,0.5588342875943425,1
